usuario,hotel_recomendado,hotel_consumido,propiedad,example_similarity_score,mean_example_similarity,k_nearest_example_strength,example_coverage,example_consensus_score,example_disagreement_score,example_density_global,is_most_similar,is_least_similar,prototype_similarity,cosine_similarity,shared_attribute_count,shared_category_count,shared_location_count,category_alignment_score,path_count,path_length,weighted_kps,explanation_type_diversity,attribute_diversity_recommended,cross_explanation_diversity
3,104,1783,,0.07017543859649122,0.05893367138777175,0.235734685551087,1.0,2.75,0.00018827591075705165,0.007407407407407408,0,0,0.0,0.1315903389919538,4,0,0,0.0625,4,2,3.3,2,10,2.0
3,104,1941,,0.07142857142857142,0.05893367138777175,0.235734685551087,1.0,2.75,0.00018827591075705165,0.007407407407407408,1,0,0.0,0.15075567228888181,3,0,0,0.0625,3,2,2.3,2,10,2.0
3,104,2513,,0.046511627906976744,0.05893367138777175,0.235734685551087,1.0,2.75,0.00018827591075705165,0.007407407407407408,0,1,0.0,0.10050378152592121,2,1,0,0.0625,2,2,2.3,2,10,2.0
3,104,457,,0.047619047619047616,0.05893367138777175,0.235734685551087,1.0,2.75,0.00018827591075705165,0.007407407407407408,0,0,0.047619047619047616,0.1049727762162956,2,1,0,0.0625,2,2,2.3,2,10,2.0
3,1054,1783,,0.13157894736842105,0.1657998751820262,0.6631995007281049,1.0,4.25,0.002088832239037484,0.025185185185185185,0,0,0.0,0.24397501823713327,5,0,2,0.3333333333333333,5,2,7.8,4,10,3.75
3,1054,1941,,0.22727272727272727,0.1657998751820262,0.6631995007281049,1.0,4.25,0.002088832239037484,0.025185185185185185,1,0,0.0,0.372677996249965,5,1,1,0.3333333333333333,5,2,6.8,4,10,3.75
3,1054,2513,,0.17391304347826086,0.1657998751820262,0.6631995007281049,1.0,4.25,0.002088832239037484,0.025185185185185185,0,0,0.0,0.29814239699997197,4,0,2,0.3333333333333333,4,2,7.3,4,10,3.75
3,1054,457,,0.13043478260869565,0.1657998751820262,0.6631995007281049,1.0,4.25,0.002088832239037484,0.025185185185185185,0,1,0.13043478260869565,0.23354968324845687,3,0,2,0.3333333333333333,3,2,5.8,3,10,3.75
3,1093,1783,,0.06976744186046512,0.07200535252860835,0.2880214101144334,1.0,2.25,0.000950547601810189,0.011111111111111112,0,0,0.0,0.1336306209562122,3,0,0,0.0,3,2,2.3,2,10,1.75
3,1093,1941,,0.1111111111111111,0.07200535252860835,0.2880214101144334,1.0,2.25,0.000950547601810189,0.011111111111111112,1,0,0.0,0.20412414523193154,3,0,0,0.0,3,2,2.3,2,10,1.75
3,1093,2513,,0.07142857142857142,0.07200535252860835,0.2880214101144334,1.0,2.25,0.000950547601810189,0.011111111111111112,0,0,0.0,0.13608276348795434,2,0,0,0.0,2,2,1.8,2,10,1.75
3,1093,457,,0.03571428571428571,0.07200535252860835,0.2880214101144334,1.0,2.25,0.000950547601810189,0.011111111111111112,0,1,0.03571428571428571,0.07106690545187015,1,0,0,0.0,1,2,0.3,1,10,1.75
3,1164,1783,,0.14634146341463414,0.10801393728222997,0.43205574912891986,1.0,3.5,0.0009363352717648628,0.016374269005847954,1,0,0.0,0.26013299085723596,6,3,0,0.625,6,2,8.3,3,10,2.75
3,1164,1941,,0.10714285714285714,0.10801393728222997,0.43205574912891986,1.0,3.5,0.0009363352717648628,0.016374269005847954,0,0,0.0,0.19867985355975656,3,1,0,0.625,3,2,3.3,3,10,2.75
3,1164,2513,,0.10714285714285714,0.10801393728222997,0.43205574912891986,1.0,3.5,0.0009363352717648628,0.016374269005847954,0,0,0.0,0.19867985355975656,3,1,0,0.625,3,2,3.8,3,10,2.75
3,1164,457,,0.07142857142857142,0.10801393728222997,0.43205574912891986,1.0,3.5,0.0009363352717648628,0.016374269005847954,0,1,0.07142857142857142,0.13834289277321493,2,1,0,0.625,2,2,2.3,2,10,2.75
3,1442,1783,,0.125,0.08943783068783069,0.35775132275132276,1.0,2.75,0.003958583361328071,0.014379084967320262,0,0,0.0,0.2291746242570528,5,0,0,0.0,5,2,4.3,2,10,1.75
3,1442,1941,,0.16,0.08943783068783069,0.35775132275132276,1.0,2.75,0.003958583361328071,0.014379084967320262,1,0,0.0,0.280056016805602,4,0,0,0.0,4,2,3.8,3,10,1.75
3,1442,2513,,0.03571428571428571,0.08943783068783069,0.35775132275132276,1.0,2.75,0.003958583361328071,0.014379084967320262,0,1,0.0,0.0700140042014005,1,0,0,0.0,1,2,0.3,1,10,1.75
3,1442,457,,0.037037037037037035,0.08943783068783069,0.35775132275132276,1.0,2.75,0.003958583361328071,0.014379084967320262,0,0,0.037037037037037035,0.07312724241271307,1,0,0,0.0,1,2,0.3,1,10,1.75
3,1487,1783,,0.11764705882352941,0.15569561157796452,0.6227824463118581,1.0,3.25,0.007963316045372397,0.02888888888888889,0,0,0.0,0.23904572186687872,4,1,3,1.0,4,2,8.5,4,9,3.25
3,1487,1941,,0.047619047619047616,0.15569561157796452,0.6227824463118581,1.0,3.25,0.007963316045372397,0.02888888888888889,0,1,0.0,0.09128709291752768,1,0,1,1.0,1,2,2.5,1,9,3.25
3,1487,2513,,0.2222222222222222,0.15569561157796452,0.6227824463118581,1.0,3.25,0.007963316045372397,0.02888888888888889,0,0,0.0,0.3651483716701107,4,1,3,1.0,4,2,8.5,4,9,3.25
3,1487,457,,0.23529411764705882,0.15569561157796452,0.6227824463118581,1.0,3.25,0.007963316045372397,0.02888888888888889,1,0,0.23529411764705882,0.38138503569823695,4,1,3,1.0,4,2,8.5,4,9,3.25
3,1608,1783,,0.1111111111111111,0.11073232323232324,0.44292929292929295,1.0,2.75,0.0007760049994898477,0.020370370370370372,0,0,0.0,0.2182178902359924,4,1,0,0.6666666666666666,4,2,4.8,4,10,2.75
3,1608,1941,,0.09090909090909091,0.11073232323232324,0.44292929292929295,1.0,2.75,0.0007760049994898477,0.020370370370370372,0,0,0.0,0.16666666666666669,2,0,0,0.6666666666666666,2,2,1.3,2,10,2.75
3,1608,2513,,0.09090909090909091,0.11073232323232324,0.44292929292929295,1.0,2.75,0.0007760049994898477,0.020370370370370372,0,1,0.0,0.16666666666666669,2,1,0,0.6666666666666666,2,2,2.3,2,10,2.75
3,1608,457,,0.15,0.11073232323232324,0.44292929292929295,1.0,2.75,0.0007760049994898477,0.020370370370370372,1,0,0.15,0.26111648393354675,3,1,0,0.6666666666666666,3,2,3.8,3,10,2.75
3,163,1783,,0.12307692307692308,0.09807692307692309,0.39230769230769236,1.0,5.5,0.00035996055226824463,0.010864197530864199,1,0,0.0,0.2253744679276044,8,1,3,0.2,8,2,11.8,6,10,4.75
3,163,1941,,0.09615384615384616,0.09807692307692309,0.39230769230769236,1.0,5.5,0.00035996055226824463,0.010864197530864199,0,0,0.0,0.21516574145596762,5,1,1,0.2,5,2,6.8,4,10,4.75
3,163,2513,,0.09615384615384616,0.09807692307692309,0.39230769230769236,1.0,5.5,0.00035996055226824463,0.010864197530864199,0,0,0.0,0.21516574145596762,5,0,3,0.2,5,2,8.3,5,10,4.75
3,163,457,,0.07692307692307693,0.09807692307692309,0.39230769230769236,1.0,5.5,0.00035996055226824463,0.010864197530864199,0,1,0.07692307692307693,0.1797866299901979,4,0,3,0.2,4,2,6.8,4,10,4.75
3,1693,1783,,0.16363636363636364,0.09141414141414142,0.3656565656565657,1.0,4.5,0.0026782981328435872,0.011111111111111112,1,0,0.0,0.2834733547569204,9,2,1,0.375,9,2,11.8,4,10,3.25
3,1693,1941,,0.09090909090909091,0.09141414141414142,0.3656565656565657,1.0,4.5,0.0026782981328435872,0.011111111111111112,0,0,0.0,0.19245008972987526,4,1,1,0.375,4,2,5.8,4,10,3.25
3,1693,2513,,0.06666666666666667,0.09141414141414142,0.3656565656565657,1.0,4.5,0.0026782981328435872,0.011111111111111112,0,0,0.0,0.14433756729740643,3,0,1,0.375,3,2,4.3,3,10,3.25
3,1693,457,,0.044444444444444446,0.09141414141414142,0.3656565656565657,1.0,4.5,0.0026782981328435872,0.011111111111111112,0,1,0.044444444444444446,0.10050378152592121,2,0,1,0.375,2,2,2.8,2,10,3.25
3,1729,1783,,0.175,0.11555487137383688,0.4622194854953475,1.0,3.75,0.0019316000748518015,0.01754385964912281,1,0,0.0,0.3034884893334419,7,2,0,0.5714285714285714,7,2,8.8,4,10,2.75
3,1729,1941,,0.06896551724137931,0.11555487137383688,0.4622194854953475,1.0,3.75,0.0019316000748518015,0.01754385964912281,0,1,0.0,0.13245323570650439,2,0,0,0.5714285714285714,2,2,1.3,2,10,2.75
3,1729,2513,,0.10714285714285714,0.11555487137383688,0.4622194854953475,1.0,3.75,0.0019316000748518015,0.01754385964912281,0,0,0.0,0.19867985355975656,3,2,0,0.5714285714285714,3,2,4.3,2,10,2.75
3,1729,457,,0.1111111111111111,0.11555487137383688,0.4622194854953475,1.0,3.75,0.0019316000748518015,0.01754385964912281,0,0,0.1111111111111111,0.2075143391598224,3,1,0,0.5714285714285714,3,2,3.8,3,10,2.75
3,2085,1783,,0.1694915254237288,0.08248292537353924,0.32993170149415696,1.0,4.5,0.0034666511595021405,0.00975609756097561,1,0,0.0,0.2951406680504776,10,2,0,0.23076923076923078,10,2,11.8,4,10,2.75
3,2085,1941,,0.06,0.08248292537353924,0.32993170149415696,1.0,4.5,0.0034666511595021405,0.00975609756097561,0,0,0.0,0.13525044520011487,3,0,0,0.23076923076923078,3,2,2.3,2,10,2.75
3,2085,2513,,0.0392156862745098,0.08248292537353924,0.32993170149415696,1.0,4.5,0.0034666511595021405,0.00975609756097561,0,1,0.0,0.09016696346674324,2,1,0,0.23076923076923078,2,2,2.3,2,10,2.75
3,2085,457,,0.061224489795918366,0.08248292537353924,0.32993170149415696,1.0,4.5,0.0034666511595021405,0.00975609756097561,0,0,0.061224489795918366,0.14126448280440332,3,1,0,0.23076923076923078,3,2,3.8,3,10,2.75
3,2101,1783,,0.21052631578947367,0.1271126534284429,0.5084506137137716,1.0,4.0,0.0034840507631797592,0.019753086419753086,1,0,0.0,0.3563483225498992,8,3,0,0.8333333333333334,8,2,10.8,4,10,2.75
3,2101,1941,,0.07142857142857142,0.1271126534284429,0.5084506137137716,1.0,4.0,0.0034840507631797592,0.019753086419753086,0,1,0.0,0.13608276348795434,2,0,0,0.8333333333333334,2,2,1.3,2,10,2.75
3,2101,2513,,0.1111111111111111,0.1271126534284429,0.5084506137137716,1.0,4.0,0.0034840507631797592,0.019753086419753086,0,0,0.0,0.20412414523193154,3,2,0,0.8333333333333334,3,2,4.3,2,10,2.75
3,2101,457,,0.11538461538461539,0.1271126534284429,0.5084506137137716,1.0,4.0,0.0034840507631797592,0.019753086419753086,0,0,0.11538461538461539,0.21320071635561047,3,1,0,0.8333333333333334,3,2,3.8,3,10,2.75
3,2109,1783,,0.07317073170731707,0.07883399346813981,0.31533597387255924,1.0,2.25,0.003707857235044789,0.0125,0,0,0.0,0.1417366773784602,3,0,0,0.5,3,2,2.3,2,10,1.75
3,2109,1941,,0.16666666666666666,0.07883399346813981,0.31533597387255924,1.0,2.25,0.003707857235044789,0.0125,1,0,0.0,0.2886751345948129,4,1,0,0.5,4,2,4.3,3,10,1.75
3,2109,2513,,0.037037037037037035,0.07883399346813981,0.31533597387255924,1.0,2.25,0.003707857235044789,0.0125,0,1,0.0,0.07216878364870323,1,0,0,0.5,1,2,0.3,1,10,1.75
3,2109,457,,0.038461538461538464,0.07883399346813981,0.31533597387255924,1.0,2.25,0.003707857235044789,0.0125,0,0,0.038461538461538464,0.07537783614444091,1,0,0,0.5,1,2,0.3,1,10,1.75
3,2290,1783,,0.02702702702702703,0.05616151866151867,0.22464607464607467,1.0,1.25,0.0009605230575307796,0.011111111111111112,0,1,0.0,0.05976143046671968,1,0,0,0.0,1,2,0.3,1,9,1.25
3,2290,1941,,0.1,0.05616151866151867,0.22464607464607467,1.0,1.25,0.0009605230575307796,0.011111111111111112,1,0,0.0,0.18257418583505536,2,0,0,0.0,2,2,1.8,2,9,1.25
3,2290,2513,,0.047619047619047616,0.05616151866151867,0.22464607464607467,1.0,1.25,0.0009605230575307796,0.011111111111111112,0,0,0.0,0.09128709291752768,1,0,0,0.0,1,2,0.3,1,9,1.25
3,2290,457,,0.05,0.05616151866151867,0.22464607464607467,1.0,1.25,0.0009605230575307796,0.011111111111111112,0,0,0.05,0.09534625892455924,1,0,0,0.0,1,2,0.3,1,9,1.25
3,2344,1783,,0.09722222222222222,0.04938532681818227,0.1975413072727291,1.0,3.25,0.0016072631557200456,0.005664488017429195,1,0,0.0,0.18523964340873708,7,3,0,0.3076923076923077,7,2,9.3,3,10,2.25
3,2344,1941,,0.06779661016949153,0.04938532681818227,0.1975413072727291,1.0,3.25,0.0016072631557200456,0.005664488017429195,0,0,0.0,0.16169041669088866,4,1,0,0.3076923076923077,4,2,4.8,4,10,2.25
3,2344,2513,,0.016129032258064516,0.04938532681818227,0.1975413072727291,1.0,3.25,0.0016072631557200456,0.005664488017429195,0,1,0.0,0.040422604172722164,1,0,0,0.3076923076923077,1,2,0.3,1,10,2.25
3,2344,457,,0.01639344262295082,0.04938532681818227,0.1975413072727291,1.0,3.25,0.0016072631557200456,0.005664488017429195,0,0,0.01639344262295082,0.0422200330920749,1,0,0,0.3076923076923077,1,2,0.3,1,10,2.25
3,25,1783,,0.13513513513513514,0.15173832923832925,0.606953316953317,1.0,3.75,0.007773757915834083,0.023809523809523808,0,0,0.0,0.2525381361380527,5,2,0,0.6,5,2,6.8,4,10,2.5
3,25,1941,,0.04,0.15173832923832925,0.606953316953317,1.0,3.75,0.007773757915834083,0.023809523809523808,0,1,0.0,0.07715167498104597,1,0,0,0.6,1,2,0.3,1,10,2.5
3,25,2513,,0.18181818181818182,0.15173832923832925,0.606953316953317,1.0,3.75,0.007773757915834083,0.023809523809523808,0,0,0.0,0.3086066999241839,4,3,0,0.6,4,2,6.3,2,10,2.5
3,25,457,,0.25,0.15173832923832925,0.606953316953317,1.0,3.75,0.007773757915834083,0.023809523809523808,1,0,0.25,0.4029114820126901,5,3,0,0.6,5,2,7.8,3,10,2.5
3,2557,1783,,0.075,0.06875,0.275,1.0,2.0,0.0003729166666666667,0.011851851851851853,0,0,0.0,0.14638501094227996,3,0,0,0.0,3,2,2.3,2,10,1.75
3,2557,1941,,0.08,0.06875,0.275,1.0,2.0,0.0003729166666666667,0.011851851851851853,0,0,0.0,0.14907119849998599,2,0,0,0.0,2,2,1.3,2,10,1.75
3,2557,2513,,0.08,0.06875,0.275,1.0,2.0,0.0003729166666666667,0.011851851851851853,1,0,0.0,0.14907119849998599,2,0,0,0.0,2,2,1.8,2,10,1.75
3,2557,457,,0.04,0.06875,0.275,1.0,2.0,0.0003729166666666667,0.011851851851851853,0,1,0.04,0.0778498944161523,1,0,0,0.0,1,2,0.3,1,10,1.75
3,2617,1783,,0.07894736842105263,0.11484553775743707,0.4593821510297483,1.0,2.75,0.00847549755021321,0.018803418803418806,0,0,0.0,0.15724272550828775,3,0,0,1.0,3,2,2.3,2,10,2.0
3,2617,1941,,0.25,0.11484553775743707,0.4593821510297483,1.0,2.75,0.00847549755021321,0.018803418803418806,1,0,0.0,0.4003203845127179,5,1,0,1.0,5,2,5.3,3,10,2.0
3,2617,2513,,0.08695652173913043,0.11484553775743707,0.4593821510297483,1.0,2.75,0.00847549755021321,0.018803418803418806,0,0,0.0,0.16012815380508716,2,0,0,1.0,2,2,1.8,2,10,2.0
3,2617,457,,0.043478260869565216,0.11484553775743707,0.4593821510297483,1.0,2.75,0.00847549755021321,0.018803418803418806,0,1,0.043478260869565216,0.08362420100070908,1,0,0,1.0,1,2,0.3,1,10,2.0
3,2963,1783,,0.2564102564102564,0.2004371745751056,0.8017486983004224,1.0,6.25,0.00258240497356866,0.026455026455026457,1,0,0.0,0.4123930494211613,10,4,2,0.75,10,2,17.5,4,10,3.5
3,2963,1941,,0.13793103448275862,0.2004371745751056,0.8017486983004224,1.0,6.25,0.00258240497356866,0.026455026455026457,0,1,0.0,0.25197631533948484,4,1,1,0.75,4,2,6.5,3,10,3.5
3,2963,2513,,0.2222222222222222,0.2004371745751056,0.8017486983004224,1.0,6.25,0.00258240497356866,0.026455026455026457,0,0,0.0,0.37796447300922725,6,3,2,0.75,6,2,13.0,4,10,3.5
3,2963,457,,0.18518518518518517,0.2004371745751056,0.8017486983004224,1.0,6.25,0.00258240497356866,0.026455026455026457,0,0,0.18518518518518517,0.3289758474798845,5,3,2,0.75,5,2,11.5,3,10,3.5
3,2972,1783,,0.15,0.1361206896551724,0.5444827586206896,1.0,4.0,0.005057897344431233,0.019753086419753086,0,0,0.0,0.2672612419124244,6,4,0,0.5555555555555556,6,2,9.3,3,10,2.25
3,2972,1941,,0.034482758620689655,0.1361206896551724,0.5444827586206896,1.0,4.0,0.005057897344431233,0.019753086419753086,0,1,0.0,0.06804138174397717,1,0,0,0.5555555555555556,1,2,0.3,1,10,2.25
3,2972,2513,,0.2,0.1361206896551724,0.5444827586206896,1.0,4.0,0.005057897344431233,0.019753086419753086,1,0,0.0,0.3402069087198859,5,3,0,0.5555555555555556,5,2,7.8,3,10,2.25
3,2972,457,,0.16,0.1361206896551724,0.5444827586206896,1.0,4.0,0.005057897344431233,0.019753086419753086,0,0,0.16,0.2842676218074806,4,3,0,0.5555555555555556,4,2,6.3,2,10,2.25
3,3069,1783,,0.02702702702702703,0.04306628056628056,0.17226512226512225,1.0,1.0,0.00011559649831850602,0.008888888888888889,0,1,0.0,0.05976143046671968,1,0,0,0.0,1,2,0.3,1,10,1.0
3,3069,1941,,0.047619047619047616,0.04306628056628056,0.17226512226512225,1.0,1.0,0.00011559649831850602,0.008888888888888889,0,0,0.0,0.09128709291752768,1,0,0,0.0,1,2,0.3,1,10,1.0
3,3069,2513,,0.047619047619047616,0.04306628056628056,0.17226512226512225,1.0,1.0,0.00011559649831850602,0.008888888888888889,0,0,0.0,0.09128709291752768,1,0,0,0.0,1,2,0.3,1,10,1.0
3,3069,457,,0.05,0.04306628056628056,0.17226512226512225,1.0,1.0,0.00011559649831850602,0.008888888888888889,1,0,0.05,0.09534625892455924,1,0,0,0.0,1,2,0.3,1,10,1.0
3,3119,1783,,0.05555555555555555,0.06014668514668515,0.2405867405867406,1.0,2.5,0.00119686627829386,0.007662835249042146,0,0,0.0,0.10527936095153946,3,0,0,0.2,3,2,2.3,2,10,2.0
3,3119,1941,,0.10810810810810811,0.06014668514668515,0.2405867405867406,1.0,2.5,0.00119686627829386,0.007662835249042146,1,0,0.0,0.214422506967559,4,1,0,0.2,4,2,4.3,3,10,2.0
3,3119,2513,,0.05128205128205128,0.06014668514668515,0.2405867405867406,1.0,2.5,0.00119686627829386,0.007662835249042146,0,0,0.0,0.1072112534837795,2,0,0,0.2,2,2,1.8,2,10,2.0
3,3119,457,,0.02564102564102564,0.06014668514668515,0.2405867405867406,1.0,2.5,0.00119686627829386,0.007662835249042146,0,1,0.02564102564102564,0.05598925109558543,1,0,0,0.2,1,2,0.3,1,10,2.0
3,3136,1783,,0.13157894736842105,0.07251012145748988,0.2900404858299595,1.0,2.25,0.0019204794920967942,0.013333333333333334,1,0,0.0,0.24397501823713327,5,2,0,0.5,5,2,6.3,3,10,1.75
3,3136,1941,,0.038461538461538464,0.07251012145748988,0.2900404858299595,1.0,2.25,0.0019204794920967942,0.013333333333333334,0,1,0.0,0.07453559924999299,1,0,0,0.5,1,2,0.3,1,10,1.75
3,3136,2513,,0.08,0.07251012145748988,0.2900404858299595,1.0,2.25,0.0019204794920967942,0.013333333333333334,0,0,0.0,0.14907119849998599,2,0,0,0.5,2,2,1.8,2,10,1.75
3,3136,457,,0.04,0.07251012145748988,0.2900404858299595,1.0,2.25,0.0019204794920967942,0.013333333333333334,0,0,0.04,0.0778498944161523,1,0,0,0.5,1,2,0.3,1,10,1.75
3,3165,1783,,0.11627906976744186,0.09176391320052235,0.3670556528020894,1.0,3.0,0.005427868550666264,0.013333333333333332,0,0,0.0,0.21128856368212912,5,1,0,0.6666666666666666,5,2,5.3,3,10,2.0
3,3165,1941,,0.18518518518518517,0.09176391320052235,0.3670556528020894,1.0,3.0,0.005427868550666264,0.013333333333333332,1,0,0.0,0.3227486121839514,5,1,0,0.6666666666666666,5,2,5.3,3,10,2.0
3,3165,2513,,0.03225806451612903,0.09176391320052235,0.3670556528020894,1.0,3.0,0.005427868550666264,0.013333333333333332,0,1,0.0,0.06454972243679027,1,0,0,0.6666666666666666,1,2,0.3,1,10,2.0
3,3165,457,,0.03333333333333333,0.09176391320052235,0.3670556528020894,1.0,3.0,0.005427868550666264,0.013333333333333332,0,0,0.03333333333333333,0.06741998624632421,1,0,0,0.6666666666666666,1,2,0.3,1,10,2.0
3,3178,1783,,0.08823529411764706,0.13415892672858618,0.5366357069143447,1.0,2.75,0.0019303251146746245,0.027160493827160497,0,1,0.0,0.1889822365046136,3,0,2,0.0,3,2,5.8,3,9,2.75
3,3178,1941,,0.10526315789473684,0.13415892672858618,0.5366357069143447,1.0,2.75,0.0019303251146746245,0.027160493827160497,0,0,0.0,0.19245008972987526,2,0,1,0.0,2,2,2.8,2,9,2.75
3,3178,2513,,0.16666666666666666,0.13415892672858618,0.5366357069143447,1.0,2.75,0.0019303251146746245,0.027160493827160497,0,0,0.0,0.28867513459481287,3,0,2,0.0,3,2,5.8,3,9,2.75
3,3178,457,,0.17647058823529413,0.13415892672858618,0.5366357069143447,1.0,2.75,0.0019303251146746245,0.027160493827160497,1,0,0.17647058823529413,0.30151134457776363,3,0,2,0.0,3,2,5.8,3,9,2.75
3,3209,1783,,0.16666666666666666,0.18141821946169773,0.7256728778467909,1.0,4.5,0.0020370834744315703,0.028571428571428574,0,0,0.0,0.30304576336566325,6,1,2,0.25,6,2,9.8,5,10,4.25
3,3209,1941,,0.13043478260869565,0.18141821946169773,0.7256728778467909,1.0,4.5,0.0020370834744315703,0.028571428571428574,0,1,0.0,0.23145502494313788,3,0,1,0.25,3,2,3.8,3,10,4.25
3,3209,2513,,0.23809523809523808,0.18141821946169773,0.7256728778467909,1.0,4.5,0.0020370834744315703,0.028571428571428574,1,0,0.0,0.3857583749052298,5,1,2,0.25,5,2,9.3,5,10,4.25
3,3209,457,,0.19047619047619047,0.18141821946169773,0.7256728778467909,1.0,4.5,0.0020370834744315703,0.028571428571428574,0,0,0.19047619047619047,0.3223291856101521,4,1,2,0.25,4,2,7.8,4,10,4.25
3,3237,1783,,0.13157894736842105,0.1927149890536618,0.7708599562146472,1.0,4.75,0.002448244341417592,0.028148148148148148,0,1,0.0,0.24397501823713327,5,0,3,0.4,5,2,7.8,5,10,4.75
3,3237,1941,,0.17391304347826086,0.1927149890536618,0.7708599562146472,1.0,4.75,0.002448244341417592,0.028148148148148148,0,0,0.0,0.29814239699997197,4,1,1,0.4,4,2,5.8,4,10,4.75
3,3237,2513,,0.22727272727272727,0.1927149890536618,0.7708599562146472,1.0,4.75,0.002448244341417592,0.028148148148148148,0,0,0.0,0.372677996249965,5,1,3,0.4,5,2,8.8,5,10,4.75
3,3237,457,,0.23809523809523808,0.1927149890536618,0.7708599562146472,1.0,4.75,0.002448244341417592,0.028148148148148148,1,0,0.23809523809523808,0.3892494720807615,5,1,3,0.4,5,2,8.8,5,10,4.75
3,3484,1783,,0.11764705882352941,0.16879084967320263,0.6751633986928105,1.0,3.5,0.004875154854970309,0.03111111111111111,0,0,0.0,0.23904572186687872,4,0,3,0.0,4,2,6.8,4,9,3.5
3,3484,1941,,0.1,0.16879084967320263,0.6751633986928105,1.0,3.5,0.004875154854970309,0.03111111111111111,0,1,0.0,0.18257418583505536,2,0,1,0.0,2,2,2.8,2,9,3.5
3,3484,2513,,0.2222222222222222,0.16879084967320263,0.6751633986928105,1.0,3.5,0.004875154854970309,0.03111111111111111,0,0,0.0,0.3651483716701107,4,0,3,0.0,4,2,6.8,4,9,3.5
3,3484,457,,0.23529411764705882,0.16879084967320263,0.6751633986928105,1.0,3.5,0.004875154854970309,0.03111111111111111,1,0,0.23529411764705882,0.38138503569823695,4,0,3,0.0,4,2,6.8,4,9,3.5
3,3732,1783,,0.11627906976744186,0.08978405315614618,0.3591362126245847,1.0,3.0,0.0024132786940868527,0.013333333333333332,0,0,0.0,0.21128856368212912,5,0,0,0.0,5,2,4.3,2,10,1.75
3,3732,1941,,0.14285714285714285,0.08978405315614618,0.3591362126245847,1.0,3.0,0.0024132786940868527,0.013333333333333332,1,0,0.0,0.2581988897471611,4,0,0,0.0,4,2,3.3,2,10,1.75
3,3732,2513,,0.06666666666666667,0.08978405315614618,0.3591362126245847,1.0,3.0,0.0024132786940868527,0.013333333333333332,0,0,0.0,0.12909944487358055,2,0,0,0.0,2,2,1.8,2,10,1.75
3,3732,457,,0.03333333333333333,0.08978405315614618,0.3591362126245847,1.0,3.0,0.0024132786940868527,0.013333333333333332,0,1,0.03333333333333333,0.06741998624632421,1,0,0,0.0,1,2,0.3,1,10,1.75
3,3737,1783,,0.08571428571428572,0.12756892230576442,0.5102756892230577,1.0,2.75,0.0016533815742363423,0.024444444444444446,0,1,0.0,0.17928429140015903,3,0,2,0.0,3,2,5.8,3,9,2.75
3,3737,1941,,0.1,0.12756892230576442,0.5102756892230577,1.0,2.75,0.0016533815742363423,0.024444444444444446,0,0,0.0,0.18257418583505536,2,0,1,0.0,2,2,2.8,2,9,2.75
3,3737,2513,,0.15789473684210525,0.12756892230576442,0.5102756892230577,1.0,2.75,0.0016533815742363423,0.024444444444444446,0,0,0.0,0.27386127875258304,3,0,2,0.0,3,2,5.8,3,9,2.75
3,3737,457,,0.16666666666666666,0.12756892230576442,0.5102756892230577,1.0,2.75,0.0016533815742363423,0.024444444444444446,1,0,0.16666666666666666,0.28603877677367767,3,0,2,0.0,3,2,5.8,3,9,2.75
3,393,1783,,0.1,0.09583333333333333,0.3833333333333333,1.0,3.75,0.00020549886621315194,0.01234567901234568,0,0,0.0,0.181848241863327,5,1,1,0.18181818181818182,5,2,6.8,4,10,3.25
3,393,1941,,0.11428571428571428,0.09583333333333333,0.3833333333333333,1.0,3.75,0.00020549886621315194,0.01234567901234568,1,0,0.0,0.2222222222222222,4,0,1,0.18181818181818182,4,2,4.8,3,10,3.25
3,393,2513,,0.08333333333333333,0.09583333333333333,0.3833333333333333,1.0,3.75,0.00020549886621315194,0.01234567901234568,0,1,0.0,0.16666666666666666,3,1,1,0.18181818181818182,3,2,4.8,3,10,3.25
3,393,457,,0.08571428571428572,0.09583333333333333,0.3833333333333333,1.0,3.75,0.00020549886621315194,0.01234567901234568,0,0,0.08571428571428572,0.17407765595569785,3,1,1,0.18181818181818182,3,2,4.8,3,10,3.25
3,4088,1783,,0.18421052631578946,0.1487312030075188,0.5949248120300752,1.0,4.25,0.005968566924307427,0.022222222222222223,0,0,0.0,0.3208444739598739,7,4,0,0.7142857142857143,7,2,10.3,3,10,2.25
3,4088,1941,,0.03571428571428571,0.1487312030075188,0.5949248120300752,1.0,4.25,0.005968566924307427,0.022222222222222223,0,1,0.0,0.0700140042014005,1,0,0,0.7142857142857143,1,2,0.3,1,10,2.25
3,4088,2513,,0.20833333333333334,0.1487312030075188,0.5949248120300752,1.0,4.25,0.005968566924307427,0.022222222222222223,1,0,0.0,0.35007002100700246,5,3,0,0.7142857142857143,5,2,7.8,3,10,2.25
3,4088,457,,0.16666666666666666,0.1487312030075188,0.5949248120300752,1.0,4.25,0.005968566924307427,0.022222222222222223,0,0,0.16666666666666666,0.29250896965085227,4,3,0,0.7142857142857143,4,2,6.3,2,10,2.25
3,4122,1783,,0.08108108108108109,0.10436117936117936,0.41744471744471745,1.0,2.5,0.004446565730349515,0.01851851851851852,0,0,0.0,0.1636634176769943,3,0,0,1.0,3,2,2.3,2,10,2.0
3,4122,1941,,0.2,0.10436117936117936,0.41744471744471745,1.0,2.5,0.004446565730349515,0.01851851851851852,1,0,0.0,0.33333333333333337,4,1,0,1.0,4,2,4.3,3,10,2.0
3,4122,2513,,0.09090909090909091,0.10436117936117936,0.41744471744471745,1.0,2.5,0.004446565730349515,0.01851851851851852,0,0,0.0,0.16666666666666669,2,0,0,1.0,2,2,1.8,2,10,2.0
3,4122,457,,0.045454545454545456,0.10436117936117936,0.41744471744471745,1.0,2.5,0.004446565730349515,0.01851851851851852,0,1,0.045454545454545456,0.08703882797784893,1,0,0,1.0,1,2,0.3,1,10,2.0
3,4183,1783,,0.1956521739130435,0.09082017617486725,0.363280704699469,1.0,3.75,0.00659025367016765,0.01234567901234568,1,0,0.0,0.32732683535398854,9,1,0,0.6666666666666666,9,2,9.3,3,10,2.0
3,4183,1941,,0.11428571428571428,0.09082017617486725,0.363280704699469,1.0,3.75,0.00659025367016765,0.01234567901234568,0,0,0.0,0.2222222222222222,4,1,0,0.6666666666666666,4,2,4.3,3,10,2.0
3,4183,2513,,0.02631578947368421,0.09082017617486725,0.363280704699469,1.0,3.75,0.00659025367016765,0.01234567901234568,0,1,0.0,0.05555555555555555,1,0,0,0.6666666666666666,1,2,0.3,1,10,2.0
3,4183,457,,0.02702702702702703,0.09082017617486725,0.363280704699469,1.0,3.75,0.00659025367016765,0.01234567901234568,0,0,0.02702702702702703,0.058025885318565944,1,0,0,0.6666666666666666,1,2,0.3,1,10,2.0
3,4359,1783,,0.18604651162790697,0.09267640063424948,0.3707056025369979,1.0,3.5,0.004546024759521709,0.01352657004830918,1,0,0.0,0.31524416249564025,8,4,0,0.5555555555555556,8,2,11.3,3,10,2.25
3,4359,1941,,0.09375,0.09267640063424948,0.3707056025369979,1.0,3.5,0.004546024759521709,0.01352657004830918,0,0,0.0,0.18057877962865385,3,1,0,0.5555555555555556,3,2,3.3,3,10,2.25
3,4359,2513,,0.06060606060606061,0.09267640063424948,0.3707056025369979,1.0,3.5,0.004546024759521709,0.01352657004830918,0,0,0.0,0.12038585308576923,2,0,0,0.5555555555555556,2,2,1.8,2,10,2.25
3,4359,457,,0.030303030303030304,0.09267640063424948,0.3707056025369979,1.0,3.5,0.004546024759521709,0.01352657004830918,0,1,0.030303030303030304,0.06286946134619316,1,0,0,0.5555555555555556,1,2,0.3,1,10,2.25
3,4464,1783,,0.2,0.1004542357483534,0.4018169429934136,1.0,4.0,0.0058241276143508585,0.013675213675213675,1,0,0.0,0.3335621924974955,9,2,0,0.5,9,2,10.8,4,10,2.5
3,4464,1941,,0.11764705882352941,0.1004542357483534,0.4018169429934136,1.0,4.0,0.0058241276143508585,0.013675213675213675,0,0,0.0,0.22645540682891918,4,1,0,0.5,4,2,4.3,3,10,2.5
3,4464,2513,,0.02702702702702703,0.1004542357483534,0.4018169429934136,1.0,4.0,0.0058241276143508585,0.013675213675213675,0,1,0.0,0.056613851707229795,1,0,0,0.5,1,2,0.3,1,10,2.5
3,4464,457,,0.05714285714285714,0.1004542357483534,0.4018169429934136,1.0,4.0,0.0058241276143508585,0.013675213675213675,0,0,0.05714285714285714,0.11826247919781652,2,0,0,0.5,2,2,1.8,2,10,2.5
3,45,1783,,0.16666666666666666,0.1538208168642951,0.6152832674571804,1.0,4.0,0.0006001760169142883,0.025396825396825397,0,0,0.0,0.30304576336566325,6,0,2,0.0,6,2,8.8,4,10,3.25
3,45,1941,,0.18181818181818182,0.1538208168642951,0.6152832674571804,1.0,4.0,0.0006001760169142883,0.025396825396825397,1,0,0.0,0.3086066999241839,4,0,1,0.0,4,2,4.8,3,10,3.25
3,45,2513,,0.13043478260869565,0.1538208168642951,0.6152832674571804,1.0,4.0,0.0006001760169142883,0.025396825396825397,0,1,0.0,0.23145502494313788,3,0,2,0.0,3,2,5.8,3,10,3.25
3,45,457,,0.13636363636363635,0.1538208168642951,0.6152832674571804,1.0,4.0,0.0006001760169142883,0.025396825396825397,0,0,0.13636363636363635,0.24174688920761409,3,0,2,0.0,3,2,5.8,3,10,3.25
3,473,1783,,0.15517241379310345,0.0860005502567865,0.344002201027146,1.0,4.5,0.0021269470542803403,0.010256410256410256,1,0,0.0,0.27235238970096104,9,4,0,0.6,9,2,12.8,4,10,2.75
3,473,1941,,0.0625,0.0860005502567865,0.344002201027146,1.0,4.5,0.0021269470542803403,0.010256410256410256,0,0,0.0,0.1386750490563073,3,0,0,0.6,3,2,2.3,2,10,2.75
3,473,2513,,0.0625,0.0860005502567865,0.344002201027146,1.0,4.5,0.0021269470542803403,0.010256410256410256,0,1,0.0,0.1386750490563073,3,2,0,0.6,3,2,4.3,2,10,2.75
3,473,457,,0.06382978723404255,0.0860005502567865,0.344002201027146,1.0,4.5,0.0021269470542803403,0.010256410256410256,0,0,0.06382978723404255,0.14484136487558028,3,1,0,0.6,3,2,3.8,3,10,2.75
3,4825,1783,,0.14285714285714285,0.21186974789915966,0.8474789915966386,1.0,4.5,0.01777044641385966,0.03333333333333333,0,0,0.0,0.2727723627949905,5,0,2,1.0,5,2,7.8,4,10,3.75
3,4825,1941,,0.4117647058823529,0.21186974789915966,0.8474789915966386,1.0,4.5,0.01777044641385966,0.03333333333333333,1,0,0.0,0.5833333333333334,7,1,1,1.0,7,2,9.3,5,10,3.75
3,4825,2513,,0.14285714285714285,0.21186974789915966,0.8474789915966386,1.0,4.5,0.01777044641385966,0.03333333333333333,0,1,0.0,0.25000000000000006,3,0,2,1.0,3,2,5.8,3,10,3.75
3,4825,457,,0.15,0.21186974789915966,0.8474789915966386,1.0,4.5,0.01777044641385966,0.03333333333333333,0,0,0.15,0.26111648393354675,3,0,2,1.0,3,2,5.8,3,10,3.75
3,4830,1783,,0.14285714285714285,0.14464285714285713,0.5785714285714285,1.0,3.5,1.2755102040816335e-05,0.025925925925925925,0,0,0.0,0.2727723627949905,5,0,2,0.0,5,2,7.8,4,10,3.25
3,4830,1941,,0.14285714285714285,0.14464285714285713,0.5785714285714285,1.0,3.5,1.2755102040816335e-05,0.025925925925925925,0,0,0.0,0.25000000000000006,3,0,1,0.0,3,2,3.8,3,10,3.25
3,4830,2513,,0.14285714285714285,0.14464285714285713,0.5785714285714285,1.0,3.5,1.2755102040816335e-05,0.025925925925925925,0,1,0.0,0.25000000000000006,3,0,2,0.0,3,2,5.8,3,10,3.25
3,4830,457,,0.15,0.14464285714285713,0.5785714285714285,1.0,3.5,1.2755102040816335e-05,0.025925925925925925,1,0,0.15,0.26111648393354675,3,0,2,0.0,3,2,5.8,3,10,3.25
3,4942,1783,,0.13157894736842105,0.2060549100022784,0.8242196400091136,1.0,5.0,0.0024912143913295116,0.02962962962962963,0,1,0.0,0.24397501823713327,5,0,3,0.3333333333333333,5,2,7.8,5,10,5.0
3,4942,1941,,0.22727272727272727,0.2060549100022784,0.8242196400091136,1.0,5.0,0.0024912143913295116,0.02962962962962963,0,0,0.0,0.372677996249965,5,1,1,0.3333333333333333,5,2,7.3,5,10,5.0
3,4942,2513,,0.22727272727272727,0.2060549100022784,0.8242196400091136,1.0,5.0,0.0024912143913295116,0.02962962962962963,0,0,0.0,0.372677996249965,5,1,3,0.3333333333333333,5,2,8.8,5,10,5.0
3,4942,457,,0.23809523809523808,0.2060549100022784,0.8242196400091136,1.0,5.0,0.0024912143913295116,0.02962962962962963,1,0,0.23809523809523808,0.3892494720807615,5,1,3,0.3333333333333333,5,2,8.8,5,10,5.0
3,4990,1783,,0.16,0.09836707152496627,0.39346828609986506,1.0,4.25,0.0021743393051298445,0.012592592592592593,1,0,0.0,0.2760262237369417,8,2,1,0.2222222222222222,8,2,10.8,4,10,3.0
3,4990,1941,,0.10526315789473684,0.09836707152496627,0.39346828609986506,1.0,4.25,0.0021743393051298445,0.012592592592592593,0,0,0.0,0.21081851067789195,4,0,1,0.2222222222222222,4,2,4.8,3,10,3.0
3,4990,2513,,0.07692307692307693,0.09836707152496627,0.39346828609986506,1.0,4.25,0.0021743393051298445,0.012592592592592593,0,0,0.0,0.15811388300841897,3,0,1,0.2222222222222222,3,2,4.3,3,10,3.0
3,4990,457,,0.05128205128205128,0.09836707152496627,0.39346828609986506,1.0,4.25,0.0021743393051298445,0.012592592592592593,0,1,0.05128205128205128,0.11009637651263607,2,0,1,0.2222222222222222,2,2,2.8,2,10,3.0
3,5061,1783,,0.07317073170731707,0.07755194218608852,0.3102077687443541,1.0,2.25,0.0011561610479097865,0.0125,0,0,0.0,0.1417366773784602,3,0,0,0.25,3,2,2.3,2,10,2.0
3,5061,1941,,0.037037037037037035,0.07755194218608852,0.3102077687443541,1.0,2.25,0.0011561610479097865,0.0125,0,1,0.0,0.07216878364870323,1,0,0,0.25,1,2,0.3,1,10,2.0
3,5061,2513,,0.12,0.07755194218608852,0.3102077687443541,1.0,2.25,0.0011561610479097865,0.0125,1,0,0.0,0.21650635094610968,3,1,0,0.25,3,2,3.8,3,10,2.0
3,5061,457,,0.08,0.07755194218608852,0.3102077687443541,1.0,2.25,0.0011561610479097865,0.0125,0,0,0.08,0.15075567228888181,2,1,0,0.25,2,2,2.3,2,10,2.0
3,522,1783,,0.125,0.07828398453398454,0.31313593813593815,1.0,2.5,0.002357444281983863,0.013071895424836602,1,0,0.0,0.2291746242570528,5,0,0,0.0,5,2,4.3,2,10,1.5
3,522,1941,,0.11538461538461539,0.07828398453398454,0.31313593813593815,1.0,2.5,0.002357444281983863,0.013071895424836602,0,0,0.0,0.2100420126042015,3,0,0,0.0,3,2,2.3,2,10,1.5
3,522,2513,,0.03571428571428571,0.07828398453398454,0.31313593813593815,1.0,2.5,0.002357444281983863,0.013071895424836602,0,1,0.0,0.0700140042014005,1,0,0,0.0,1,2,0.3,1,10,1.5
3,522,457,,0.037037037037037035,0.07828398453398454,0.31313593813593815,1.0,2.5,0.002357444281983863,0.013071895424836602,0,0,0.037037037037037035,0.07312724241271307,1,0,0,0.0,1,2,0.3,1,10,1.5
3,5605,1783,,0.11363636363636363,0.0862047898338221,0.3448191593352884,1.0,3.0,0.0005983117763578458,0.012698412698412698,1,0,0.0,0.20619652471058064,5,1,0,0.375,5,2,5.3,3,10,2.5
3,5605,1941,,0.1,0.0862047898338221,0.3448191593352884,1.0,3.0,0.0005983117763578458,0.012698412698412698,0,0,0.0,0.18898223650461363,3,1,0,0.375,3,2,3.3,3,10,2.5
3,5605,2513,,0.06451612903225806,0.0862047898338221,0.3448191593352884,1.0,3.0,0.0005983117763578458,0.012698412698412698,0,1,0.0,0.12598815766974242,2,1,0,0.375,2,2,2.3,2,10,2.5
3,5605,457,,0.06666666666666667,0.0862047898338221,0.3448191593352884,1.0,3.0,0.0005983117763578458,0.012698412698412698,0,0,0.06666666666666667,0.1315903389919538,2,1,0,0.375,2,2,2.3,2,10,2.5
3,5855,1783,,0.02631578947368421,0.06675210754158123,0.2670084301663249,1.0,1.5,0.001335185272570602,0.012121212121212121,0,1,0.0,0.05698028822981897,1,0,0,0.5,1,2,0.3,1,10,1.5
3,5855,1941,,0.045454545454545456,0.06675210754158123,0.2670084301663249,1.0,1.5,0.001335185272570602,0.012121212121212121,0,0,0.0,0.08703882797784893,1,0,0,0.5,1,2,0.3,1,10,1.5
3,5855,2513,,0.09523809523809523,0.06675210754158123,0.2670084301663249,1.0,1.5,0.001335185272570602,0.012121212121212121,0,0,0.0,0.17407765595569785,2,1,0,0.5,2,2,2.3,2,10,1.5
3,5855,457,,0.1,0.06675210754158123,0.2670084301663249,1.0,1.5,0.001335185272570602,0.012121212121212121,1,0,0.1,0.18181818181818182,2,1,0,0.5,2,2,2.3,2,10,1.5
3,774,1783,,0.21621621621621623,0.157330451569582,0.629321806278328,1.0,4.5,0.00729081920021133,0.023529411764705882,0,0,0.0,0.3666793988112845,8,4,0,1.0,8,2,11.8,4,10,2.5
3,774,1941,,0.03571428571428571,0.157330451569582,0.629321806278328,1.0,4.5,0.00729081920021133,0.023529411764705882,0,1,0.0,0.0700140042014005,1,0,0,1.0,1,2,0.3,1,10,2.5
3,774,2513,,0.16,0.157330451569582,0.629321806278328,1.0,4.5,0.00729081920021133,0.023529411764705882,0,0,0.0,0.280056016805602,4,3,0,1.0,4,2,6.3,2,10,2.5
3,774,457,,0.21739130434782608,0.157330451569582,0.629321806278328,1.0,4.5,0.00729081920021133,0.023529411764705882,1,0,0.21739130434782608,0.36563621206356534,5,3,0,1.0,5,2,7.8,3,10,2.5
3,888,1783,,0.1875,0.08656228343728344,0.34624913374913374,1.0,3.75,0.0060513198597105826,0.01149425287356322,1,0,0.0,0.3158380828546184,9,1,0,0.5,9,2,9.3,3,10,2.0
3,888,1941,,0.10810810810810811,0.08656228343728344,0.34624913374913374,1.0,3.75,0.0060513198597105826,0.01149425287356322,0,0,0.0,0.214422506967559,4,1,0,0.5,4,2,4.3,3,10,2.0
3,888,2513,,0.025,0.08656228343728344,0.34624913374913374,1.0,3.75,0.0060513198597105826,0.01149425287356322,0,1,0.0,0.05360562674188975,1,0,0,0.5,1,2,0.3,1,10,2.0
3,888,457,,0.02564102564102564,0.08656228343728344,0.34624913374913374,1.0,3.75,0.0060513198597105826,0.01149425287356322,0,0,0.02564102564102564,0.05598925109558543,1,0,0,0.5,1,2,0.3,1,10,2.0
3,901,1783,,0.15789473684210525,0.19280042992857638,0.7712017197143055,1.0,5.0,0.0028821381862558456,0.02777777777777778,0,1,0.0,0.2834733547569204,6,0,3,0.5,6,2,8.8,5,10,4.5
3,901,1941,,0.2727272727272727,0.19280042992857638,0.7712017197143055,1.0,5.0,0.0028821381862558456,0.02777777777777778,1,0,0.0,0.43301270189221935,6,1,1,0.5,6,2,8.3,5,10,4.5
3,901,2513,,0.16666666666666666,0.19280042992857638,0.7712017197143055,1.0,5.0,0.0028821381862558456,0.02777777777777778,0,0,0.0,0.2886751345948129,4,0,3,0.5,4,2,6.8,4,10,4.5
3,901,457,,0.17391304347826086,0.19280042992857638,0.7712017197143055,1.0,5.0,0.0028821381862558456,0.02777777777777778,0,0,0.17391304347826086,0.30151134457776363,4,0,3,0.5,4,2,6.8,4,10,4.5
3,907,1783,,0.2777777777777778,0.23402777777777778,0.9361111111111111,1.0,6.5,0.0013290895061728394,0.03209876543209877,1,0,0.0,0.44543540318737396,10,2,3,0.8,10,2,14.8,6,10,5.25
3,907,1941,,0.2,0.23402777777777778,0.9361111111111111,1.0,6.5,0.0013290895061728394,0.03209876543209877,0,1,0.0,0.3402069087198859,5,1,1,0.8,5,2,6.8,4,10,5.25
3,907,2513,,0.25,0.23402777777777778,0.9361111111111111,1.0,6.5,0.0013290895061728394,0.03209876543209877,0,0,0.0,0.4082482904638631,6,1,3,0.8,6,2,10.3,6,10,5.25
3,907,457,,0.20833333333333334,0.23402777777777778,0.9361111111111111,1.0,6.5,0.0013290895061728394,0.03209876543209877,0,0,0.20833333333333334,0.3553345272593508,5,1,3,0.8,5,2,8.8,5,10,5.25
