usuario,hotel_recomendado,propiedad,hotel_consumido,relation_type,semantic_group,type_specific_match_frequency,relation_weight,weighted_type_match_score
3,104,,,has_name,identity,0.0,0.5,0.5013888888888889
3,104,,,has_attribute,attribute,0.1388888888888889,1.0,0.5013888888888889
3,104,,,has_category,category,0.03125,2.0,0.5013888888888889
3,104,,,has_coordinates,location,0.0,1.0,0.5013888888888889
3,104,,,has_rating,quality,0.0,1.5,0.5013888888888889
3,104,,,status,identity,1.0,0.3,0.5013888888888889
3,104,,,has_postal_code,location,0.0,1.0,0.5013888888888889
3,104,,,located_in_city,location,0.0,3.0,0.5013888888888889
3,104,,,in_state,location,0.0,2.5,0.5013888888888889
3,104,,,has_review_count,quality,0.0,0.8,0.5013888888888889
3,1054,,,in_state,location,1.0,2.5,5.841666666666667
3,1054,,,has_category,category,0.08333333333333333,2.0,5.841666666666667
3,1054,,,has_attribute,attribute,0.25,1.0,5.841666666666667
3,1054,,,has_name,identity,0.0,0.5,5.841666666666667
3,1054,,,status,identity,1.0,0.3,5.841666666666667
3,1054,,,has_review_count,quality,0.0,0.8,5.841666666666667
3,1054,,,located_in_city,location,0.75,3.0,5.841666666666667
3,1054,,,has_rating,quality,0.25,1.5,5.841666666666667
3,1054,,,has_coordinates,location,0.0,1.0,5.841666666666667
3,1054,,,has_postal_code,location,0.0,1.0,5.841666666666667
3,1093,,,has_review_count,quality,0.0,0.8,0.875
3,1093,,,has_name,identity,0.0,0.5,0.875
3,1093,,,has_category,category,0.0,2.0,0.875
3,1093,,,has_attribute,attribute,0.2,1.0,0.875
3,1093,,,has_rating,quality,0.25,1.5,0.875
3,1093,,,located_in_city,location,0.0,3.0,0.875
3,1093,,,has_coordinates,location,0.0,1.0,0.875
3,1093,,,has_postal_code,location,0.0,1.0,0.875
3,1093,,,in_state,location,0.0,2.5,0.875
3,1093,,,status,identity,1.0,0.3,0.875
3,1164,,,has_category,category,0.1875,2.0,1.3
3,1164,,,has_attribute,attribute,0.25,1.0,1.3
3,1164,,,has_review_count,quality,0.0,0.8,1.3
3,1164,,,in_state,location,0.0,2.5,1.3
3,1164,,,has_postal_code,location,0.0,1.0,1.3
3,1164,,,located_in_city,location,0.0,3.0,1.3
3,1164,,,has_name,identity,0.0,0.5,1.3
3,1164,,,has_coordinates,location,0.0,1.0,1.3
3,1164,,,status,identity,1.0,0.3,1.3
3,1164,,,has_rating,quality,0.25,1.5,1.3
3,1442,,,has_category,category,0.0,2.0,0.8892857142857142
3,1442,,,located_in_city,location,0.0,3.0,0.8892857142857142
3,1442,,,status,identity,1.0,0.3,0.8892857142857142
3,1442,,,has_postal_code,location,0.0,1.0,0.8892857142857142
3,1442,,,has_attribute,attribute,0.21428571428571427,1.0,0.8892857142857142
3,1442,,,has_name,identity,0.0,0.5,0.8892857142857142
3,1442,,,has_rating,quality,0.25,1.5,0.8892857142857142
3,1442,,,has_coordinates,location,0.0,1.0,0.8892857142857142
3,1442,,,in_state,location,0.0,2.5,0.8892857142857142
3,1442,,,has_review_count,quality,0.0,0.8,0.8892857142857142
3,1487,,,has_name,identity,0.0,0.5,6.25
3,1487,,,status,identity,0.0,0.3,6.25
3,1487,,,has_postal_code,location,0.75,1.0,6.25
3,1487,,,has_category,category,0.375,2.0,6.25
3,1487,,,located_in_city,location,0.75,3.0,6.25
3,1487,,,has_coordinates,location,0.0,1.0,6.25
3,1487,,,has_review_count,quality,0.0,0.8,6.25
3,1487,,,in_state,location,1.0,2.5,6.25
3,1487,,,has_rating,quality,0.0,1.5,6.25
3,1608,,,has_postal_code,location,0.0,1.0,2.05
3,1608,,,has_category,category,0.25,2.0,2.05
3,1608,,,has_coordinates,location,0.0,1.0,2.05
3,1608,,,has_attribute,attribute,0.5,1.0,2.05
3,1608,,,has_review_count,quality,0.0,0.8,2.05
3,1608,,,has_rating,quality,0.5,1.5,2.05
3,1608,,,located_in_city,location,0.0,3.0,2.05
3,1608,,,status,identity,1.0,0.3,2.05
3,1608,,,has_name,identity,0.0,0.5,2.05
3,1608,,,in_state,location,0.0,2.5,2.05
3,163,,,has_category,category,0.05,2.0,6.321296296296296
3,163,,,has_attribute,attribute,0.046296296296296294,1.0,6.321296296296296
3,163,,,has_review_count,quality,0.0,0.8,6.321296296296296
3,163,,,has_name,identity,0.0,0.5,6.321296296296296
3,163,,,has_rating,quality,0.25,1.5,6.321296296296296
3,163,,,status,identity,1.0,0.3,6.321296296296296
3,163,,,has_coordinates,location,0.0,1.0,6.321296296296296
3,163,,,has_postal_code,location,0.75,1.0,6.321296296296296
3,163,,,located_in_city,location,0.75,3.0,6.321296296296296
3,163,,,in_state,location,1.0,2.5,6.321296296296296
3,1693,,,has_attribute,attribute,0.075,1.0,3.4375
3,1693,,,status,identity,1.0,0.3,3.4375
3,1693,,,in_state,location,1.0,2.5,3.4375
3,1693,,,has_category,category,0.09375,2.0,3.4375
3,1693,,,has_coordinates,location,0.0,1.0,3.4375
3,1693,,,has_review_count,quality,0.0,0.8,3.4375
3,1693,,,has_name,identity,0.0,0.5,3.4375
3,1693,,,has_postal_code,location,0.0,1.0,3.4375
3,1693,,,has_rating,quality,0.25,1.5,3.4375
3,1693,,,located_in_city,location,0.0,3.0,3.4375
3,1729,,,has_attribute,attribute,0.25,1.0,1.6571428571428573
3,1729,,,has_review_count,quality,0.0,0.8,1.6571428571428573
3,1729,,,has_category,category,0.17857142857142858,2.0,1.6571428571428573
3,1729,,,has_coordinates,location,0.0,1.0,1.6571428571428573
3,1729,,,status,identity,1.0,0.3,1.6571428571428573
3,1729,,,in_state,location,0.0,2.5,1.6571428571428573
3,1729,,,has_rating,quality,0.5,1.5,1.6571428571428573
3,1729,,,has_postal_code,location,0.0,1.0,1.6571428571428573
3,1729,,,located_in_city,location,0.0,3.0,1.6571428571428573
3,1729,,,has_name,identity,0.0,0.5,1.6571428571428573
3,2085,,,has_category,category,0.07692307692307693,2.0,1.3038461538461539
3,2085,,,has_attribute,attribute,0.1,1.0,1.3038461538461539
3,2085,,,in_state,location,0.0,2.5,1.3038461538461539
3,2085,,,has_review_count,quality,0.0,0.8,1.3038461538461539
3,2085,,,status,identity,1.0,0.3,1.3038461538461539
3,2085,,,has_coordinates,location,0.0,1.0,1.3038461538461539
3,2085,,,has_rating,quality,0.5,1.5,1.3038461538461539
3,2085,,,has_postal_code,location,0.0,1.0,1.3038461538461539
3,2085,,,has_name,identity,0.0,0.5,1.3038461538461539
3,2085,,,located_in_city,location,0.0,3.0,1.3038461538461539
3,2101,,,has_attribute,attribute,0.25,1.0,1.8
3,2101,,,has_name,identity,0.0,0.5,1.8
3,2101,,,status,identity,1.0,0.3,1.8
3,2101,,,has_rating,quality,0.5,1.5,1.8
3,2101,,,has_category,category,0.25,2.0,1.8
3,2101,,,has_coordinates,location,0.0,1.0,1.8
3,2101,,,in_state,location,0.0,2.5,1.8
3,2101,,,has_postal_code,location,0.0,1.0,1.8
3,2101,,,has_review_count,quality,0.0,0.8,1.8
3,2101,,,located_in_city,location,0.0,3.0,1.8
3,2109,,,has_review_count,quality,0.0,0.8,0.7166666666666666
3,2109,,,has_name,identity,0.0,0.5,0.7166666666666666
3,2109,,,has_coordinates,location,0.0,1.0,0.7166666666666666
3,2109,,,has_postal_code,location,0.0,1.0,0.7166666666666666
3,2109,,,in_state,location,0.0,2.5,0.7166666666666666
3,2109,,,has_attribute,attribute,0.16666666666666666,1.0,0.7166666666666666
3,2109,,,has_category,category,0.125,2.0,0.7166666666666666
3,2109,,,has_rating,quality,0.0,1.5,0.7166666666666666
3,2109,,,status,identity,1.0,0.3,0.7166666666666666
3,2109,,,located_in_city,location,0.0,3.0,0.7166666666666666
3,2290,,,has_name,identity,0.0,0.5,0.675
3,2290,,,has_coordinates,location,0.0,1.0,0.675
3,2290,,,has_category,category,0.0,2.0,0.675
3,2290,,,located_in_city,location,0.0,3.0,0.675
3,2290,,,status,identity,1.0,0.3,0.675
3,2290,,,in_state,location,0.0,2.5,0.675
3,2290,,,has_postal_code,location,0.0,1.0,0.675
3,2290,,,has_rating,quality,0.25,1.5,0.675
3,2290,,,has_review_count,quality,0.0,0.8,0.675
3,2344,,,in_state,location,0.0,2.5,0.8621794871794872
3,2344,,,has_category,category,0.07692307692307693,2.0,0.8621794871794872
3,2344,,,has_attribute,attribute,0.03333333333333333,1.0,0.8621794871794872
3,2344,,,has_name,identity,0.0,0.5,0.8621794871794872
3,2344,,,has_rating,quality,0.25,1.5,0.8621794871794872
3,2344,,,has_coordinates,location,0.0,1.0,0.8621794871794872
3,2344,,,has_postal_code,location,0.0,1.0,0.8621794871794872
3,2344,,,located_in_city,location,0.0,3.0,0.8621794871794872
3,2344,,,status,identity,1.0,0.3,0.8621794871794872
3,2344,,,has_review_count,quality,0.0,0.8,0.8621794871794872
3,25,,,status,identity,1.0,0.3,2.1
3,25,,,located_in_city,location,0.0,3.0,2.1
3,25,,,has_postal_code,location,0.0,1.0,2.1
3,25,,,has_category,category,0.4,2.0,2.1
3,25,,,has_coordinates,location,0.0,1.0,2.1
3,25,,,has_review_count,quality,0.0,0.8,2.1
3,25,,,has_rating,quality,0.5,1.5,2.1
3,25,,,in_state,location,0.0,2.5,2.1
3,25,,,has_name,identity,0.0,0.5,2.1
3,25,,,has_attribute,attribute,0.25,1.0,2.1
3,2557,,,has_review_count,quality,0.0,0.8,0.925
3,2557,,,in_state,location,0.0,2.5,0.925
3,2557,,,located_in_city,location,0.0,3.0,0.925
3,2557,,,has_category,category,0.0,2.0,0.925
3,2557,,,has_attribute,attribute,0.25,1.0,0.925
3,2557,,,status,identity,1.0,0.3,0.925
3,2557,,,has_postal_code,location,0.0,1.0,0.925
3,2557,,,has_name,identity,0.0,0.5,0.925
3,2557,,,has_coordinates,location,0.0,1.0,0.925
3,2557,,,has_rating,quality,0.25,1.5,0.925
3,2617,,,has_postal_code,location,0.0,1.0,1.4875
3,2617,,,has_category,category,0.25,2.0,1.4875
3,2617,,,has_attribute,attribute,0.3125,1.0,1.4875
3,2617,,,located_in_city,location,0.0,3.0,1.4875
3,2617,,,has_name,identity,0.0,0.5,1.4875
3,2617,,,has_rating,quality,0.25,1.5,1.4875
3,2617,,,in_state,location,0.0,2.5,1.4875
3,2617,,,has_review_count,quality,0.0,0.8,1.4875
3,2617,,,has_coordinates,location,0.0,1.0,1.4875
3,2617,,,status,identity,1.0,0.3,1.4875
3,2963,,,has_category,category,0.34375,2.0,6.1125
3,2963,,,has_review_count,quality,0.0,0.8,6.1125
3,2963,,,in_state,location,1.0,2.5,6.1125
3,2963,,,has_attribute,attribute,0.3,1.0,6.1125
3,2963,,,located_in_city,location,0.75,3.0,6.1125
3,2963,,,has_rating,quality,0.25,1.5,6.1125
3,2963,,,has_postal_code,location,0.0,1.0,6.1125
3,2963,,,status,identity,0.0,0.3,6.1125
3,2963,,,has_name,identity,0.0,0.5,6.1125
3,2963,,,has_coordinates,location,0.0,1.0,6.1125
3,2972,,,status,identity,1.0,0.3,1.4805555555555556
3,2972,,,has_category,category,0.2777777777777778,2.0,1.4805555555555556
3,2972,,,has_rating,quality,0.25,1.5,1.4805555555555556
3,2972,,,has_attribute,attribute,0.25,1.0,1.4805555555555556
3,2972,,,located_in_city,location,0.0,3.0,1.4805555555555556
3,2972,,,in_state,location,0.0,2.5,1.4805555555555556
3,2972,,,has_name,identity,0.0,0.5,1.4805555555555556
3,2972,,,has_coordinates,location,0.0,1.0,1.4805555555555556
3,2972,,,has_review_count,quality,0.0,0.8,1.4805555555555556
3,2972,,,has_postal_code,location,0.0,1.0,1.4805555555555556
3,3069,,,has_attribute,attribute,0.0,1.0,0.3
3,3069,,,has_rating,quality,0.0,1.5,0.3
3,3069,,,has_coordinates,location,0.0,1.0,0.3
3,3069,,,status,identity,1.0,0.3,0.3
3,3069,,,has_name,identity,0.0,0.5,0.3
3,3069,,,has_review_count,quality,0.0,0.8,0.3
3,3069,,,in_state,location,0.0,2.5,0.3
3,3069,,,has_postal_code,location,0.0,1.0,0.3
3,3069,,,located_in_city,location,0.0,3.0,0.3
3,3069,,,has_category,category,0.0,2.0,0.3
3,3119,,,has_attribute,attribute,0.0625,1.0,0.8374999999999999
3,3119,,,has_name,identity,0.0,0.5,0.8374999999999999
3,3119,,,has_postal_code,location,0.0,1.0,0.8374999999999999
3,3119,,,has_coordinates,location,0.0,1.0,0.8374999999999999
3,3119,,,has_category,category,0.05,2.0,0.8374999999999999
3,3119,,,status,identity,1.0,0.3,0.8374999999999999
3,3119,,,located_in_city,location,0.0,3.0,0.8374999999999999
3,3119,,,has_review_count,quality,0.0,0.8,0.8374999999999999
3,3119,,,in_state,location,0.0,2.5,0.8374999999999999
3,3119,,,has_rating,quality,0.25,1.5,0.8374999999999999
3,3136,,,located_in_city,location,0.0,3.0,1.0916666666666666
3,3136,,,has_category,category,0.125,2.0,1.0916666666666666
3,3136,,,in_state,location,0.0,2.5,1.0916666666666666
3,3136,,,has_coordinates,location,0.0,1.0,1.0916666666666666
3,3136,,,has_attribute,attribute,0.16666666666666666,1.0,1.0916666666666666
3,3136,,,has_review_count,quality,0.0,0.8,1.0916666666666666
3,3136,,,has_postal_code,location,0.0,1.0,1.0916666666666666
3,3136,,,status,identity,1.0,0.3,1.0916666666666666
3,3136,,,has_rating,quality,0.25,1.5,1.0916666666666666
3,3136,,,has_name,identity,0.0,0.5,1.0916666666666666
3,3165,,,in_state,location,0.0,2.5,0.8
3,3165,,,located_in_city,location,0.0,3.0,0.8
3,3165,,,has_name,identity,0.0,0.5,0.8
3,3165,,,status,identity,1.0,0.3,0.8
3,3165,,,has_attribute,attribute,0.16666666666666666,1.0,0.8
3,3165,,,has_rating,quality,0.0,1.5,0.8
3,3165,,,has_category,category,0.16666666666666666,2.0,0.8
3,3165,,,has_coordinates,location,0.0,1.0,0.8
3,3165,,,has_postal_code,location,0.0,1.0,0.8
3,3165,,,has_review_count,quality,0.0,0.8,0.8
3,3178,,,has_rating,quality,0.0,1.5,5.05
3,3178,,,status,identity,1.0,0.3,5.05
3,3178,,,has_coordinates,location,0.0,1.0,5.05
3,3178,,,has_name,identity,0.0,0.5,5.05
3,3178,,,has_review_count,quality,0.0,0.8,5.05
3,3178,,,has_postal_code,location,0.0,1.0,5.05
3,3178,,,has_category,category,0.0,2.0,5.05
3,3178,,,in_state,location,1.0,2.5,5.05
3,3178,,,located_in_city,location,0.75,3.0,5.05
3,3209,,,has_category,category,0.1875,2.0,6.175
3,3209,,,has_name,identity,0.0,0.5,6.175
3,3209,,,located_in_city,location,0.75,3.0,6.175
3,3209,,,has_coordinates,location,0.0,1.0,6.175
3,3209,,,has_postal_code,location,0.0,1.0,6.175
3,3209,,,status,identity,1.0,0.3,6.175
3,3209,,,has_attribute,attribute,0.375,1.0,6.175
3,3209,,,has_rating,quality,0.25,1.5,6.175
3,3209,,,in_state,location,1.0,2.5,6.175
3,3209,,,has_review_count,quality,0.0,0.8,6.175
3,3237,,,has_name,identity,0.0,0.5,6.35
3,3237,,,has_rating,quality,0.0,1.5,6.35
3,3237,,,in_state,location,1.0,2.5,6.35
3,3237,,,has_category,category,0.15,2.0,6.35
3,3237,,,has_review_count,quality,0.0,0.8,6.35
3,3237,,,located_in_city,location,0.75,3.0,6.35
3,3237,,,has_postal_code,location,0.75,1.0,6.35
3,3237,,,status,identity,1.0,0.3,6.35
3,3237,,,has_attribute,attribute,0.25,1.0,6.35
3,3237,,,has_coordinates,location,0.0,1.0,6.35
3,3484,,,status,identity,1.0,0.3,5.8
3,3484,,,located_in_city,location,0.75,3.0,5.8
3,3484,,,has_postal_code,location,0.75,1.0,5.8
3,3484,,,has_name,identity,0.0,0.5,5.8
3,3484,,,in_state,location,1.0,2.5,5.8
3,3484,,,has_coordinates,location,0.0,1.0,5.8
3,3484,,,has_category,category,0.0,2.0,5.8
3,3484,,,has_review_count,quality,0.0,0.8,5.8
3,3484,,,has_rating,quality,0.0,1.5,5.8
3,3732,,,has_attribute,attribute,0.25,1.0,0.925
3,3732,,,has_category,category,0.0,2.0,0.925
3,3732,,,located_in_city,location,0.0,3.0,0.925
3,3732,,,has_name,identity,0.0,0.5,0.925
3,3732,,,has_review_count,quality,0.0,0.8,0.925
3,3732,,,has_rating,quality,0.25,1.5,0.925
3,3732,,,status,identity,1.0,0.3,0.925
3,3732,,,has_coordinates,location,0.0,1.0,0.925
3,3732,,,in_state,location,0.0,2.5,0.925
3,3732,,,has_postal_code,location,0.0,1.0,0.925
3,3737,,,has_postal_code,location,0.0,1.0,5.05
3,3737,,,has_review_count,quality,0.0,0.8,5.05
3,3737,,,has_name,identity,0.0,0.5,5.05
3,3737,,,has_rating,quality,0.0,1.5,5.05
3,3737,,,has_category,category,0.0,2.0,5.05
3,3737,,,located_in_city,location,0.75,3.0,5.05
3,3737,,,has_coordinates,location,0.0,1.0,5.05
3,3737,,,status,identity,1.0,0.3,5.05
3,3737,,,in_state,location,1.0,2.5,5.05
3,393,,,has_attribute,attribute,0.125,1.0,3.061363636363636
3,393,,,has_rating,quality,0.0,1.5,3.061363636363636
3,393,,,status,identity,1.0,0.3,3.061363636363636
3,393,,,has_review_count,quality,0.0,0.8,3.061363636363636
3,393,,,has_category,category,0.06818181818181818,2.0,3.061363636363636
3,393,,,in_state,location,1.0,2.5,3.061363636363636
3,393,,,has_postal_code,location,0.0,1.0,3.061363636363636
3,393,,,has_coordinates,location,0.0,1.0,3.061363636363636
3,393,,,has_name,identity,0.0,0.5,3.061363636363636
3,393,,,located_in_city,location,0.0,3.0,3.061363636363636
3,4088,,,has_postal_code,location,0.0,1.0,1.6392857142857145
3,4088,,,has_category,category,0.35714285714285715,2.0,1.6392857142857145
3,4088,,,status,identity,1.0,0.3,1.6392857142857145
3,4088,,,has_name,identity,0.0,0.5,1.6392857142857145
3,4088,,,has_attribute,attribute,0.25,1.0,1.6392857142857145
3,4088,,,has_review_count,quality,0.0,0.8,1.6392857142857145
3,4088,,,has_coordinates,location,0.0,1.0,1.6392857142857145
3,4088,,,has_rating,quality,0.25,1.5,1.6392857142857145
3,4088,,,located_in_city,location,0.0,3.0,1.6392857142857145
3,4088,,,in_state,location,0.0,2.5,1.6392857142857145
3,4122,,,has_review_count,quality,0.0,0.8,1.5083333333333333
3,4122,,,has_attribute,attribute,0.3333333333333333,1.0,1.5083333333333333
3,4122,,,has_postal_code,location,0.0,1.0,1.5083333333333333
3,4122,,,located_in_city,location,0.0,3.0,1.5083333333333333
3,4122,,,has_name,identity,0.0,0.5,1.5083333333333333
3,4122,,,has_category,category,0.25,2.0,1.5083333333333333
3,4122,,,has_coordinates,location,0.0,1.0,1.5083333333333333
3,4122,,,has_rating,quality,0.25,1.5,1.5083333333333333
3,4122,,,in_state,location,0.0,2.5,1.5083333333333333
3,4122,,,status,identity,1.0,0.3,1.5083333333333333
3,4183,,,has_attribute,attribute,0.140625,1.0,0.7739583333333333
3,4183,,,has_name,identity,0.0,0.5,0.7739583333333333
3,4183,,,has_rating,quality,0.0,1.5,0.7739583333333333
3,4183,,,has_coordinates,location,0.0,1.0,0.7739583333333333
3,4183,,,status,identity,1.0,0.3,0.7739583333333333
3,4183,,,has_category,category,0.16666666666666666,2.0,0.7739583333333333
3,4183,,,in_state,location,0.0,2.5,0.7739583333333333
3,4183,,,located_in_city,location,0.0,3.0,0.7739583333333333
3,4183,,,has_postal_code,location,0.0,1.0,0.7739583333333333
3,4183,,,has_review_count,quality,0.0,0.8,0.7739583333333333
3,4359,,,has_category,category,0.1388888888888889,2.0,1.1194444444444445
3,4359,,,status,identity,1.0,0.3,1.1194444444444445
3,4359,,,has_rating,quality,0.25,1.5,1.1194444444444445
3,4359,,,has_coordinates,location,0.0,1.0,1.1194444444444445
3,4359,,,has_attribute,attribute,0.16666666666666666,1.0,1.1194444444444445
3,4359,,,has_postal_code,location,0.0,1.0,1.1194444444444445
3,4359,,,in_state,location,0.0,2.5,1.1194444444444445
3,4359,,,has_name,identity,0.0,0.5,1.1194444444444445
3,4359,,,located_in_city,location,0.0,3.0,1.1194444444444445
3,4359,,,has_review_count,quality,0.0,0.8,1.1194444444444445
3,4464,,,has_rating,quality,0.5,1.5,1.4458333333333333
3,4464,,,has_attribute,attribute,0.14583333333333334,1.0,1.4458333333333333
3,4464,,,has_category,category,0.125,2.0,1.4458333333333333
3,4464,,,has_review_count,quality,0.0,0.8,1.4458333333333333
3,4464,,,has_postal_code,location,0.0,1.0,1.4458333333333333
3,4464,,,has_name,identity,0.0,0.5,1.4458333333333333
3,4464,,,in_state,location,0.0,2.5,1.4458333333333333
3,4464,,,located_in_city,location,0.0,3.0,1.4458333333333333
3,4464,,,status,identity,1.0,0.3,1.4458333333333333
3,4464,,,has_coordinates,location,0.0,1.0,1.4458333333333333
3,45,,,status,identity,1.0,0.3,5.466666666666667
3,45,,,has_category,category,0.0,2.0,5.466666666666667
3,45,,,has_coordinates,location,0.0,1.0,5.466666666666667
3,45,,,has_attribute,attribute,0.4166666666666667,1.0,5.466666666666667
3,45,,,in_state,location,1.0,2.5,5.466666666666667
3,45,,,has_rating,quality,0.0,1.5,5.466666666666667
3,45,,,located_in_city,location,0.75,3.0,5.466666666666667
3,45,,,has_review_count,quality,0.0,0.8,5.466666666666667
3,45,,,has_name,identity,0.0,0.5,5.466666666666667
3,45,,,has_postal_code,location,0.0,1.0,5.466666666666667
3,473,,,has_category,category,0.175,2.0,1.4595238095238097
3,473,,,has_attribute,attribute,0.05952380952380952,1.0,1.4595238095238097
3,473,,,has_rating,quality,0.5,1.5,1.4595238095238097
3,473,,,has_review_count,quality,0.0,0.8,1.4595238095238097
3,473,,,status,identity,1.0,0.3,1.4595238095238097
3,473,,,has_name,identity,0.0,0.5,1.4595238095238097
3,473,,,located_in_city,location,0.0,3.0,1.4595238095238097
3,473,,,has_coordinates,location,0.0,1.0,1.4595238095238097
3,473,,,has_postal_code,location,0.0,1.0,1.4595238095238097
3,473,,,in_state,location,0.0,2.5,1.4595238095238097
3,4825,,,located_in_city,location,0.75,3.0,6.341666666666667
3,4825,,,has_attribute,attribute,0.4166666666666667,1.0,6.341666666666667
3,4825,,,has_postal_code,location,0.0,1.0,6.341666666666667
3,4825,,,status,identity,1.0,0.3,6.341666666666667
3,4825,,,has_category,category,0.25,2.0,6.341666666666667
3,4825,,,has_name,identity,0.0,0.5,6.341666666666667
3,4825,,,has_review_count,quality,0.0,0.8,6.341666666666667
3,4825,,,has_rating,quality,0.25,1.5,6.341666666666667
3,4825,,,has_coordinates,location,0.0,1.0,6.341666666666667
3,4825,,,in_state,location,1.0,2.5,6.341666666666667
3,4830,,,has_name,identity,0.0,0.5,5.425
3,4830,,,in_state,location,1.0,2.5,5.425
3,4830,,,has_attribute,attribute,0.375,1.0,5.425
3,4830,,,located_in_city,location,0.75,3.0,5.425
3,4830,,,has_postal_code,location,0.0,1.0,5.425
3,4830,,,has_category,category,0.0,2.0,5.425
3,4830,,,has_rating,quality,0.0,1.5,5.425
3,4830,,,has_coordinates,location,0.0,1.0,5.425
3,4830,,,has_review_count,quality,0.0,0.8,5.425
3,4830,,,status,identity,1.0,0.3,5.425
3,4942,,,has_category,category,0.125,2.0,6.925
3,4942,,,has_name,identity,0.0,0.5,6.925
3,4942,,,status,identity,1.0,0.3,6.925
3,4942,,,located_in_city,location,0.75,3.0,6.925
3,4942,,,has_attribute,attribute,0.5,1.0,6.925
3,4942,,,has_postal_code,location,0.75,1.0,6.925
3,4942,,,has_review_count,quality,0.0,0.8,6.925
3,4942,,,has_rating,quality,0.25,1.5,6.925
3,4942,,,has_coordinates,location,0.0,1.0,6.925
3,4942,,,in_state,location,1.0,2.5,6.925
3,4990,,,has_attribute,attribute,0.11538461538461539,1.0,3.4014957264957264
3,4990,,,has_category,category,0.05555555555555555,2.0,3.4014957264957264
3,4990,,,status,identity,1.0,0.3,3.4014957264957264
3,4990,,,has_review_count,quality,0.0,0.8,3.4014957264957264
3,4990,,,has_coordinates,location,0.0,1.0,3.4014957264957264
3,4990,,,located_in_city,location,0.0,3.0,3.4014957264957264
3,4990,,,has_postal_code,location,0.0,1.0,3.4014957264957264
3,4990,,,in_state,location,1.0,2.5,3.4014957264957264
3,4990,,,has_rating,quality,0.25,1.5,3.4014957264957264
3,4990,,,has_name,identity,0.0,0.5,3.4014957264957264
3,5061,,,in_state,location,0.0,2.5,1.05
3,5061,,,has_category,category,0.125,2.0,1.05
3,5061,,,has_name,identity,0.0,0.5,1.05
3,5061,,,status,identity,1.0,0.3,1.05
3,5061,,,has_coordinates,location,0.0,1.0,1.05
3,5061,,,has_postal_code,location,0.0,1.0,1.05
3,5061,,,has_review_count,quality,0.0,0.8,1.05
3,5061,,,has_attribute,attribute,0.125,1.0,1.05
3,5061,,,located_in_city,location,0.0,3.0,1.05
3,5061,,,has_rating,quality,0.25,1.5,1.05
3,522,,,status,identity,1.0,0.3,0.55
3,522,,,has_review_count,quality,0.0,0.8,0.55
3,522,,,has_category,category,0.0,2.0,0.55
3,522,,,has_rating,quality,0.0,1.5,0.55
3,522,,,has_name,identity,0.0,0.5,0.55
3,522,,,located_in_city,location,0.0,3.0,0.55
3,522,,,has_coordinates,location,0.0,1.0,0.55
3,522,,,has_attribute,attribute,0.25,1.0,0.55
3,522,,,in_state,location,0.0,2.5,0.55
3,522,,,has_postal_code,location,0.0,1.0,0.55
3,5605,,,has_attribute,attribute,0.2,1.0,0.75
3,5605,,,located_in_city,location,0.0,3.0,0.75
3,5605,,,has_category,category,0.125,2.0,0.75
3,5605,,,has_coordinates,location,0.0,1.0,0.75
3,5605,,,has_rating,quality,0.0,1.5,0.75
3,5605,,,status,identity,1.0,0.3,0.75
3,5605,,,has_review_count,quality,0.0,0.8,0.75
3,5605,,,has_name,identity,0.0,0.5,0.75
3,5605,,,in_state,location,0.0,2.5,0.75
3,5605,,,has_postal_code,location,0.0,1.0,0.75
3,5855,,,has_category,category,0.25,2.0,0.8
3,5855,,,has_name,identity,0.0,0.5,0.8
3,5855,,,in_state,location,0.0,2.5,0.8
3,5855,,,status,identity,1.0,0.3,0.8
3,5855,,,has_review_count,quality,0.0,0.8,0.8
3,5855,,,has_attribute,attribute,0.0,1.0,0.8
3,5855,,,located_in_city,location,0.0,3.0,0.8
3,5855,,,has_postal_code,location,0.0,1.0,0.8
3,5855,,,has_rating,quality,0.0,1.5,0.8
3,5855,,,has_coordinates,location,0.0,1.0,0.8
3,774,,,has_category,category,0.5,2.0,2.175
3,774,,,has_review_count,quality,0.0,0.8,2.175
3,774,,,status,identity,1.0,0.3,2.175
3,774,,,in_state,location,0.0,2.5,2.175
3,774,,,has_name,identity,0.0,0.5,2.175
3,774,,,has_attribute,attribute,0.125,1.0,2.175
3,774,,,has_rating,quality,0.5,1.5,2.175
3,774,,,has_postal_code,location,0.0,1.0,2.175
3,774,,,located_in_city,location,0.0,3.0,2.175
3,774,,,has_coordinates,location,0.0,1.0,2.175
3,888,,,has_category,category,0.125,2.0,0.6823529411764706
3,888,,,has_attribute,attribute,0.1323529411764706,1.0,0.6823529411764706
3,888,,,has_coordinates,location,0.0,1.0,0.6823529411764706
3,888,,,has_rating,quality,0.0,1.5,0.6823529411764706
3,888,,,located_in_city,location,0.0,3.0,0.6823529411764706
3,888,,,status,identity,1.0,0.3,0.6823529411764706
3,888,,,has_name,identity,0.0,0.5,0.6823529411764706
3,888,,,has_review_count,quality,0.0,0.8,0.6823529411764706
3,888,,,in_state,location,0.0,2.5,0.6823529411764706
3,888,,,has_postal_code,location,0.0,1.0,0.6823529411764706
3,901,,,has_coordinates,location,0.0,1.0,6.591666666666667
3,901,,,has_name,identity,0.0,0.5,6.591666666666667
3,901,,,status,identity,1.0,0.3,6.591666666666667
3,901,,,has_attribute,attribute,0.16666666666666666,1.0,6.591666666666667
3,901,,,has_review_count,quality,0.0,0.8,6.591666666666667
3,901,,,has_postal_code,location,0.75,1.0,6.591666666666667
3,901,,,located_in_city,location,0.75,3.0,6.591666666666667
3,901,,,in_state,location,1.0,2.5,6.591666666666667
3,901,,,has_rating,quality,0.25,1.5,6.591666666666667
3,901,,,has_category,category,0.125,2.0,6.591666666666667
3,907,,,has_category,category,0.25,2.0,6.975
3,907,,,has_attribute,attribute,0.3,1.0,6.975
3,907,,,in_state,location,1.0,2.5,6.975
3,907,,,located_in_city,location,0.75,3.0,6.975
3,907,,,has_review_count,quality,0.0,0.8,6.975
3,907,,,status,identity,1.0,0.3,6.975
3,907,,,has_coordinates,location,0.0,1.0,6.975
3,907,,,has_name,identity,0.0,0.5,6.975
3,907,,,has_rating,quality,0.25,1.5,6.975
3,907,,,has_postal_code,location,0.75,1.0,6.975
